#term ID,term description,observed gene count,background gene count,strength,false discovery rate,matching proteins in your network (IDs),matching proteins in your network (labels)
sot01100,Metabolic pathways,23,1851,0.64,1.46e-07,4113.PGSC0003DMT400002595 4113.PGSC0003DMT400004095 4113.PGSC0003DMT400006578 4113.PGSC0003DMT400011868 4113.PGSC0003DMT400012593 4113.PGSC0003DMT400023090 4113.PGSC0003DMT400028915 4113.PGSC0003DMT400035467 4113.PGSC0003DMT400035987 4113.PGSC0003DMT400036942 4113.PGSC0003DMT400042035 4113.PGSC0003DMT400063336 4113.PGSC0003DMT400065000 4113.PGSC0003DMT400066112 4113.PGSC0003DMT400069311 4113.PGSC0003DMT400069799 4113.PGSC0003DMT400070265 4113.PGSC0003DMT400072632 4113.PGSC0003DMT400072658 4113.PGSC0003DMT400076178 4113.PGSC0003DMT400076179 4113.PGSC0003DMT400077231 4113.PGSC0003DMT400079915,PGSC0003DMT400002595 102598888 102598451 102582524 102579136 InvGF PGSC0003DMT400028915 102597065 Pain-1 102580238 102603859 102577433 107058768 102604947 102594988 102599296 102582462 PGSC0003DMT400072632 102592163 CHS1B 102580017 102582317 PGSC0003DMT400079915
sot03010,Ribosome,10,269,1.11,2.16e-07,4113.PGSC0003DMT400010548 4113.PGSC0003DMT400017986 4113.PGSC0003DMT400030564 4113.PGSC0003DMT400036835 4113.PGSC0003DMT400048186 4113.PGSC0003DMT400053000 4113.PGSC0003DMT400059174 4113.PGSC0003DMT400060177 4113.PGSC0003DMT400069575 4113.PGSC0003DMT400079312,102582667 102587574 102588127 102579491 102596272 102580154 PGSC0003DMT400059174 102590182 102590512 102605043
sot01200,Carbon metabolism,9,255,1.09,1.26e-06,4113.PGSC0003DMT400006578 4113.PGSC0003DMT400011868 4113.PGSC0003DMT400028915 4113.PGSC0003DMT400065000 4113.PGSC0003DMT400066112 4113.PGSC0003DMT400069799 4113.PGSC0003DMT400070265 4113.PGSC0003DMT400072632 4113.PGSC0003DMT400072658,102598451 102582524 PGSC0003DMT400028915 107058768 102604947 102599296 102582462 PGSC0003DMT400072632 102592163
sot03008,Ribosome biogenesis in eukaryotes,6,73,1.46,1.41e-06,4113.PGSC0003DMT400007765 4113.PGSC0003DMT400017459 4113.PGSC0003DMT400032418 4113.PGSC0003DMT400062992 4113.PGSC0003DMT400066026 4113.PGSC0003DMT400093989,102580337 102578407 102585048 102603701 102603891 102603390
sot03013,RNA transport,7,140,1.24,2.38e-06,4113.PGSC0003DMT400004341 4113.PGSC0003DMT400029432 4113.PGSC0003DMT400060512 4113.PGSC0003DMT400068044 4113.PGSC0003DMT400078176 4113.PGSC0003DMT400078293 4113.PGSC0003DMT400079119,102589798 102585342 102588992 102594613 102595553 102605977 102604773
sot00052,Galactose metabolism,5,50,1.54,4.54e-06,4113.PGSC0003DMT400023090 4113.PGSC0003DMT400035987 4113.PGSC0003DMT400039505 4113.PGSC0003DMT400065096 4113.PGSC0003DMT400079915,InvGF Pain-1 102601840 102601663 PGSC0003DMT400079915
sot00010,Glycolysis / Gluconeogenesis,6,113,1.27,9.15e-06,4113.PGSC0003DMT400028915 4113.PGSC0003DMT400066112 4113.PGSC0003DMT400069799 4113.PGSC0003DMT400070265 4113.PGSC0003DMT400072632 4113.PGSC0003DMT400077231,PGSC0003DMT400028915 102604947 102599296 102582462 PGSC0003DMT400072632 102582317
sot00260,Glycine  serine and threonine metabolism,5,70,1.4,1.61e-05,4113.PGSC0003DMT400006578 4113.PGSC0003DMT400011868 4113.PGSC0003DMT400065000 4113.PGSC0003DMT400069799 4113.PGSC0003DMT400072658,102598451 102582524 107058768 102599296 102592163
sot01110,Biosynthesis of secondary metabolites,14,1083,0.65,1.78e-05,4113.PGSC0003DMT400002595 4113.PGSC0003DMT400004095 4113.PGSC0003DMT400006578 4113.PGSC0003DMT400011868 4113.PGSC0003DMT400012593 4113.PGSC0003DMT400036942 4113.PGSC0003DMT400065000 4113.PGSC0003DMT400066112 4113.PGSC0003DMT400069799 4113.PGSC0003DMT400070265 4113.PGSC0003DMT400072632 4113.PGSC0003DMT400072658 4113.PGSC0003DMT400076178 4113.PGSC0003DMT400076179,PGSC0003DMT400002595 102598888 102598451 102582524 102579136 102580238 107058768 102604947 102599296 102582462 PGSC0003DMT400072632 102592163 CHS1B 102580017
sot01230,Biosynthesis of amino acids,6,210,1.0,0.00019,4113.PGSC0003DMT400011868 4113.PGSC0003DMT400065000 4113.PGSC0003DMT400066112 4113.PGSC0003DMT400070265 4113.PGSC0003DMT400072632 4113.PGSC0003DMT400072658,102582524 107058768 102604947 102582462 PGSC0003DMT400072632 102592163
sot00230,Purine metabolism,5,140,1.09,0.00029,4113.PGSC0003DMT400002595 4113.PGSC0003DMT400004095 4113.PGSC0003DMT400042035 4113.PGSC0003DMT400066112 4113.PGSC0003DMT400070265,PGSC0003DMT400002595 102598888 102603859 102604947 102582462
sot00600,Sphingolipid metabolism,3,26,1.6,0.00033,4113.PGSC0003DMT400039505 4113.PGSC0003DMT400065096 4113.PGSC0003DMT400069311,102601840 102601663 102594988
sot00630,Glyoxylate and dicarboxylate metabolism,4,77,1.26,0.00034,4113.PGSC0003DMT400006578 4113.PGSC0003DMT400011868 4113.PGSC0003DMT400065000 4113.PGSC0003DMT400069799,102598451 102582524 107058768 102599296
sot00603,Glycosphingolipid biosynthesis - globo and isoglobo series,2,7,2.0,0.00099,4113.PGSC0003DMT400039505 4113.PGSC0003DMT400065096,102601840 102601663
sot00970,Aminoacyl-tRNA biosynthesis,3,41,1.41,0.00099,4113.PGSC0003DMT400024220 4113.PGSC0003DMT400026761 4113.PGSC0003DMT400059195,PGSC0003DMT400024220 102606382 102604688
sot00561,Glycerolipid metabolism,3,74,1.15,0.0045,4113.PGSC0003DMT400006578 4113.PGSC0003DMT400039505 4113.PGSC0003DMT400065096,102598451 102601840 102601663
sot00670,One carbon pool by folate,2,20,1.54,0.0053,4113.PGSC0003DMT400011868 4113.PGSC0003DMT400065000,102582524 107058768
sot00620,Pyruvate metabolism,3,83,1.1,0.0055,4113.PGSC0003DMT400066112 4113.PGSC0003DMT400069799 4113.PGSC0003DMT400070265,102604947 102599296 102582462
sot00500,Starch and sucrose metabolism,3,111,0.97,0.0115,4113.PGSC0003DMT400023090 4113.PGSC0003DMT400035987 4113.PGSC0003DMT400079915,InvGF Pain-1 PGSC0003DMT400079915
sot03430,Mismatch repair,2,34,1.31,0.0120,4113.PGSC0003DMT400010422 4113.PGSC0003DMT400078207,102598532 102581875
sot03060,Protein export,2,37,1.27,0.0134,4113.PGSC0003DMT400031635 4113.PGSC0003DMT400070672,102601905 102585784
sot00460,Cyanoamino acid metabolism,2,40,1.24,0.0141,4113.PGSC0003DMT400011868 4113.PGSC0003DMT400065000,102582524 107058768
sot04712,Circadian rhythm - plant,2,39,1.25,0.0141,4113.PGSC0003DMT400076178 4113.PGSC0003DMT400076179,CHS1B 102580017
sot00941,Flavonoid biosynthesis,2,49,1.15,0.0197,4113.PGSC0003DMT400076178 4113.PGSC0003DMT400076179,CHS1B 102580017
sot00030,Pentose phosphate pathway,2,52,1.13,0.0211,4113.PGSC0003DMT400028915 4113.PGSC0003DMT400072632,PGSC0003DMT400028915 PGSC0003DMT400072632
sot03040,Spliceosome,3,175,0.78,0.0282,4113.PGSC0003DMT400056692 4113.PGSC0003DMT400069042 4113.PGSC0003DMT400090250,102590563 102604583 102590431

